"","sample1","sample2","sample3","sample4","sample5","sample6","sample7","sample8","sample9","sample10","sample11","sample12","sample13","sample14","sample15","sample16","sample17","sample18","sample19","sample20","sample21","sample22","sample23","sample24","sample25","sample26","sample27","sample28","sample29","sample30","sample31","sample32","sample33","sample34","sample35","sample36","sample37","sample38","sample39","sample40","sample41","sample42","sample43","sample44","sample45","sample46","sample47","sample48","sample49","sample50","sample51"
"Arg_0.0",0.926602791891909,0.922634295155207,0.921586545686269,0.928253169150438,0.916760703801076,0.920249802059782,0.919172791742916,0.915421743051176,0.921091004758365,0.93129817031392,0.928786601311836,0.923019050693079,0.914117531028766,0.924035534656525,0.925344806294494,0.901658347060265,0.931035857056369,0.929379226258371,0.909069876233198,0.93033991022428,0.920300121310125,0.840405270094705,0.929197921528167,0.918665935714473,0.923098635680021,0.929924137373862,0.925952813339112,0.927810246539832,0.927709005608975,0.925766024616369,0.913022881952747,0.927603759228315,0.909212863473858,0.922749869228462,0.922178122694293,0.917759649449035,0.928164073189136,0.915989035972851,0.924373682981091,0.922598369499645,0.923614854409098,0.919942805260628,0.927517200783341,0.894813648541656,0.928851346870798,0.916447900109929,0.922387060722217,0.920928200793413,0.93025527714661,0.926260541336879,0.924120700614662
"Arg_1.1",0.0621190160695409,0.0617782783942053,0.0637850944648464,0.0591917735345129,0.0642073953516645,0.0699129687849282,0.0673380568450277,0.0656022198035808,0.066364012327473,0.0645425399286059,0.0586401359835261,0.0683047371434144,0.0713443579426505,0.0637309876172121,0.0623844368116888,0.0644710112709734,0.0579782790695642,0.0596694378872065,0.0630098682330944,0.0595695820297676,0.0670557412356126,0.0851203420672285,0.0665026459379744,0.0651294160052975,0.064386857141398,0.0630980038348179,0.0611217681173496,0.0675050141707771,0.0655714958104341,0.0592218712134002,0.0676625020111869,0.0634752479025414,0.0654621832390799,0.066472077258994,0.0666952360073942,0.066482117356745,0.060151341809777,0.0628876236466222,0.0634925426052272,0.059774211107369,0.0646087712277275,0.0659584838489485,0.0608389993500495,0.0571509220519835,0.0595803178021527,0.0611768154017635,0.057996263344683,0.0634379979176904,0.0648130558022321,0.0646373530737028,0.060740578773029
"Arg_2.2",0.0094096766868192,0.01232853457638,0.0120039394979006,0.0103117200847178,0.0159382236257258,0.00811930523447804,0.0113454036010628,0.0157758175937254,0.010442684076905,0.00277505705774876,0.0105522931609443,0.00687843313768031,0.0116202861499027,0.00993597815634079,0.0103082045657559,0.0289838934378284,0.00877305681584965,0.00880372920819465,0.0236684796057452,0.00853191245180533,0.0101540511384011,0.070210132396,0.00305278168853225,0.0136221995705493,0.0100515709562286,0.00534442089777898,0.010925953073096,0.00351490270574119,0.00517484564676245,0.0113283852766076,0.0157454566389622,0.00732221195241551,0.0215440343815019,0.00888631481117513,0.00904660528716307,0.0129006373909299,0.00938835690981231,0.0158360090587676,0.00981623985013629,0.0146678870002964,0.00963710557103765,0.0112310922049957,0.00939523185858813,0.0426186742360057,0.00929955725161557,0.0190183735793116,0.0167123005760075,0.0129141085060632,0.00319396548662841,0.00778118911636919,0.0118354391065597
"Arg_3.3",0.00186851535173148,0.00325889187420735,0.00262442035098397,0.00224333723033136,0.00309367722153357,0.00171792392081184,0.00214374781099386,0.00320021955151744,0.00210229883725692,0.00138423269972553,0.00202096954369336,0.00179777902582602,0.00291782487868064,0.00229749956992189,0.00196255232806114,0.00488674823093302,0.00221280705821669,0.00214760664622787,0.00425177592796195,0.00155859529414745,0.00249008631586113,0.00426425544206619,0.00124665084532603,0.00258244870967998,0.00246293622235197,0.00163343789354113,0.0019994654704426,0.0011698365836493,0.00154465293382888,0.00368371889362313,0.0035691593971044,0.00159878091672804,0.0037809189055601,0.00189173870136872,0.00208003601115015,0.00285759580329028,0.00229622809127504,0.00528733132175901,0.00231753456354579,0.00295953239268969,0.00213926879213723,0.00286761868542794,0.00224856800802126,0.00541675517035451,0.00226877807543434,0.00335691090899608,0.00290437535709271,0.00271969278283334,0.00173770156452971,0.00132091647304901,0.00330328150574949
"Arg_4.4",0,0,0,0,0,0,0,0,0,0,0,0,0,0,0,0,0,0,0,0,0,0,0,0,0,0,0,0,0,0,0,0,0,0,0,0,0,0,0,0,0,0,0,0,0,0,0,0,0,0,0
"Arg_5.5",0,0,0,0,0,0,0,0,0,0,0,0,0,0,0,0,0,0,0,0,0,0,0,0,0,0,0,0,0,0,0,0,0,0,0,0,0,0,0,0,0,0,0,0,0,0,0,0,0,0,0
"Arg_6.6",0,0,0,0,0,0,0,0,0,0,0,0,0,0,0,0,0,0,0,0,0,0,0,0,0,0,0,0,0,0,0,0,0,0,0,0,0,0,0,0,0,0,0,0,0,0,0,0,0,0,0
"Ser_0.0",0.959835017168908,0.962258088217653,0.960788549057275,0.960626032770807,0.959337002142771,0.963527271674709,0.959963219143027,0.96418895624963,0.961053005312314,0.96074838976524,0.964143277604304,0.963734146408885,0.957789842835204,0.964465092113794,0.962959472289917,0.960256726455682,0.963215864640115,0.962608541708189,0.959803423399843,0.960205600329269,0.960909181196613,0.964893760682761,0.961755962809055,0.963150234292112,0.963017510344343,0.962847956455569,0.96220650440683,0.963841065252735,0.963359735955057,0.961261604248693,0.964277060914144,0.959171125227853,0.962936635661447,0.958190661180915,0.963167941711315,0.959747722772311,0.962793448211778,0.962446783675408,0.959501744241919,0.963340351016125,0.960619521381176,0.956916585311276,0.961346470720673,0.961392841830814,0.959114876245666,0.96252252100234,0.965579747683773,0.958432449699695,0.96747185773458,0.962445570046345,0.963047665012106
"Ser_1.1",0.0399757413091289,0.0366956733665679,0.0385610179025224,0.0379330911890076,0.0393655496726135,0.0357055017306495,0.0393676792407835,0.0358110437503702,0.0382116555508626,0.0388652303078844,0.0353602334091928,0.0352258142021433,0.041118259275497,0.0355349078862057,0.037017148199107,0.0392560668079807,0.0355046534598926,0.0370728411703623,0.0395036209952946,0.0390121662688165,0.0384306549812556,0.0345640731540484,0.037842458860345,0.0358596971736288,0.0364179589992701,0.0365718774950291,0.037209375422067,0.0356856382066944,0.0360680391164002,0.0379564205954474,0.0354930458110057,0.0398198199755957,0.0359964852390855,0.0418093388190853,0.036099050667519,0.0389173087342146,0.0365239158173001,0.0369616521331701,0.0395491320299491,0.0361555812187034,0.0388421938387402,0.0424316280624685,0.0369232870758079,0.0379626845793681,0.0401494926627487,0.0368501825263968,0.0337672039353692,0.0405090324961791,0.0325281422654196,0.0371627547417725,0.0360448873166158
"Ser_2.2",0.00018924152196346,0.001046238415779,0.000650433040202736,0.0014408760401853,0.00129744818461553,0.00076722659464179,0.000669101616189213,0,0.000735339136823488,0.000386379926876004,0.000496488986503663,0.00104003938897204,0.00109189788929943,0,2.33795109760862e-05,0.000487206736337001,0.00127948189999201,0.000318617121448295,0.000692955604861882,0.000782233401914628,0.000660163822131164,0.00054216616319038,0.000401578330599613,0.000990068534259103,0.000564530656387043,0.000580166049401649,0.000584120171102849,0.000473296540570529,0.000572224928542781,0.000781975155859657,0.000229893274849941,0.00100905479655137,0.00106687909946732,0,0.000733007621166199,0.0013349684934748,0.00068263597092193,0.000591564191422138,0.000949123728131982,0.000504067765171407,0.000538284780083496,0.000651786626255603,0.00173024220351917,0.000644473589817704,0.000735631091585343,0.000627296471262815,0.000653048380857566,0.00105851780412589,0,0.000391675211882752,0.000907447671277988
"Ser_3.3",0,0,0,0,0,0,0,0,0,0,0,0,0,0,0,0,0,0,0,0,0,0,0,0,0,0,0,0,0,0,0,0,0,0,0,0,0,0,0,0,0,0,0,0,0,0,0,0,0,0,0
"Asn_0.0",0.948103450786447,0.94432068606258,0.945637802877335,0.944866117555756,0.94879816643238,0.949120731586427,0.945836379684789,0.947350567349174,0.949771400570227,0.955177149662342,0.950069937908431,0.942998888219592,0.943865484501408,0.947975902523118,0.946478596320116,0.940205082962653,0.944348469408514,0.945095030613314,0.945338026235993,0.947809040341477,0.948954991114608,NA,0.944315661520798,0.950165160355765,0.94817679808398,0.949600366278254,0.944848420794394,0.946912982596229,0.945422321382369,0.951677482669593,0.948882528157456,0.949791928116025,0.943688263749312,0.948458770366161,0.939753120665248,0.945947633634629,0.94219904652104,0.94550970184635,0.944847253836957,0.94641225266059,0.946936243424842,0.948574994386832,0.945286112113689,0.942608027914886,0.947133549186351,0.948330009311458,0.950253917200294,0.948238579450813,0.944115034461816,0.951672269988831,0.947933869140708
"Asn_1.1",0.0453115254614702,0.0414694126500159,0.0469262436268696,0.0468668390079709,0.0417728936298604,0.043397772725658,0.0459868158287299,0.043446860077567,0.0434733951739522,0.0393537498506995,0.0416225406753452,0.0451979015771362,0.0483117993284218,0.0434481530362296,0.0444110943142935,0.0437290080210766,0.0484041898307619,0.0464133378575725,0.0419800880342195,0.045954177741682,0.0434891418917338,NA,0.0491094255919466,0.0410069296114941,0.0441871357622269,0.0439870530440892,0.04763509603878,0.0465005694091715,0.04727629506355,0.0381778106914237,0.0423873474519481,0.0435548854585177,0.0442493829402537,0.0444356862799667,0.0478806190948301,0.0408046724559314,0.0503101403740022,0.0473967364186973,0.0424367821272379,0.0450069685930703,0.0454900474137103,0.0422065435257566,0.0423536983956337,0.0426498583613423,0.044187442831658,0.0422662163665767,0.0420133277130255,0.0424010187148577,0.0496167651557025,0.041096567387191,0.0426510963517077
"Asn_2.2",0.000520157591748081,0.00205916388979517,0.00068692925800452,0.000607510703378286,0.00134125534724429,0.000746560994068001,0.00117494146653178,0.00168299408421302,0.000778631028196677,0.000357761544664294,0.000869730257122424,0.00203739119376994,0.000755552959157222,0.000552218085366836,0.00057680416469696,0.00269758835795144,0.000741246782699807,0.000755525342807113,0.00118042657101858,0.000220516541264076,0.000620222529307368,NA,0.000581822917131001,0.0012478956441074,0.000646342888468821,0.000642271647482045,0.000927436766261747,0.000496255685105195,0.000676083704620599,0.00122166720127143,0.00129472849085746,0.000860820434926569,0.00199397188791548,0.000798852077774598,0.000808375393259066,0.00151134085276073,0.000528021058929941,0.000977916348779385,0.00141419462652391,0.00116152244820784,0.00111906029554909,0.00142601404878051,0.00179443212764438,0.00206389479391869,0.00127773612327793,0.00135846617405981,0.00114493050030415,0.00120878896848189,0.000311255275031443,0.00101580163324236,0.000866554544669482
"Asn_3.3",0.00230801629234109,0.00352344120801356,0.00233899050185857,0.00367632914142565,0.00411946816217711,0.00290574371231378,0.00253171076899057,0.0037100824446676,0.00179785349959629,0.00154195499648403,0.00218832371416441,0.00302011885334362,0.00301537408167118,0.00350281650669016,0.00447408953409654,0.00449257026827814,0.00264070473125924,0.00228881892100019,0.00714571931891247,0.00160893709434588,0.00302637474427498,NA,0.00181859279453514,0.00363902728529836,0.00288152237758954,0.00206575261909412,0.00276267176832996,0.00213496603305058,0.00273531315675771,0.00461631394643743,0.00363276495026527,0.00219274202401646,0.00521796766089837,0.00198014451352464,0.00281942490126943,0.00355083484789926,0.00190928017253517,0.00229936391958132,0.00270225374394252,0.00370101926875816,0.00235720443197902,0.0039836412115586,0.00304597618834915,0.00486561064282761,0.00249815185593379,0.00449754070025986,0.00209118412014962,0.00332407752896584,0.00203891469170465,0.00210182790830258,0.0041220915974273
"Asn_4.4",0.00375684986799326,0.00862729618959578,0.00441003373593239,0.0039832035914696,0.00396821642833785,0.00382919098153318,0.0044701522509589,0.00380949604437791,0.00417871972802799,0.0035693839458104,0.00524946744493714,0.00674570015615774,0.00405178912934222,0.00452090984859582,0.0040594156667969,0.00887575039004043,0.00386538924676544,0.0054472872653063,0.00435573983985636,0.0044073282812309,0.00390926972007538,NA,0.00417449717558926,0.00394098710333553,0.00410820088773462,0.00370455641108029,0.00382637463223436,0.00395522627644385,0.00388998669270261,0.00430672549127474,0.00380263094947301,0.00359962396651459,0.00485041376162031,0.00432654676257316,0.00873845994539387,0.00818551820877996,0.0050535118734929,0.00381628146659221,0.00859951566533863,0.00371823702937362,0.00409744443391956,0.00380880682707264,0.00751978117468376,0.00781260828702574,0.00490312000277967,0.00354776744764616,0.00449664046622722,0.00482753533688133,0.00391803041574547,0.00411353308243336,0.00442638836548706
"Gly_0.0",0.962371260544612,0.965629006043175,0.952057178409454,0.956897273935782,0.971017618539332,0.953568964041671,0.958853764654861,0.949055421887255,0.9644475939282,0.973956968582745,0.958179351872428,0.963313976825463,0.956224229394412,0.949960367575006,0.96768410286544,0.970715273552024,0.951685443168404,0.958984738483037,0.972533138844026,0.971385197186739,0.957936626084349,0.955155780709212,0.95619944628173,0.972466280280866,0.956331823733603,0.956158112752889,0.957901021501129,0.958154426302498,0.951786721296787,0.972723496437008,0.959470479574262,0.947757070134999,0.959326949778315,0.958533823730428,0.95300230198105,0.972350238054538,0.975405256792763,0.953470819572926,0.971557351620813,0.973394148837662,0.972919787641649,0.959010589203747,0.974465656255834,0.974733834950565,0.972603790621919,0.953836979406805,0.970913905580019,0.951587433550476,0.954793772703366,0.953669283417938,0.97294085122937
"Gly_1.1",0.0238014547658627,0.0343709939568246,0.029492455709032,0.0275816134882726,0.0289823814606679,0.0272018817756979,0.0269063461266671,0.0343636694446784,0.0212610288422831,0.0260430314172551,0.0294339410423091,0.026822347082,0.0235385514724141,0.0257935737584798,0.0323158971345595,0.029284726447976,0.0253855352242804,0.0259447878089137,0.0274668611559738,0.0286148028132611,0.026494785204498,0.0261441271620287,0.0228719956320091,0.0275337197191337,0.0244552739116382,0.0259146561861028,0.0236007130755052,0.0233134242497767,0.0254300743257771,0.0272765035629925,0.0248361179030106,0.0341664654225653,0.0242675975305576,0.0259501919573929,0.0280360785263592,0.0276497619454617,0.0245947432072371,0.0256162490662172,0.0284426483791866,0.0266058511623378,0.0270802123583506,0.0251408549610258,0.0255343437441663,0.0252661650494351,0.0273962093780814,0.0293742321445731,0.0290860944199808,0.0314030623966757,0.0253140487716388,0.0277581186609153,0.0270591487706298
"Gly_2.2",0.0138272846895253,0,0.0184503658815138,0.0155211125759453,0,0.0192291541826311,0.0142398892184715,0.016580908668067,0.0142913772295168,0,0.0123867070852634,0.00986367609253731,0.0202372191331739,0.0242460586665145,0,0,0.0229290216073157,0.0150704737080494,0,0,0.0155685887111526,0.0187000921287595,0.0209285580862607,0,0.0192129023547589,0.0179272310610088,0.0184982654233662,0.0185321494477256,0.0227832043774354,0,0.0156934025227273,0.0180764644424356,0.0164054526911278,0.0155159843121789,0.0189616194925908,0,0,0.0209129313608568,0,0,0,0.0158485558352271,0,0,0,0.0167887884486217,0,0.0170095040528481,0.0198921785249951,0.0185725979211467,0
"Ala_0.0",NA,0.906678320868576,NA,NA,NA,NA,NA,NA,NA,NA,0.897671809690635,0.913717882365051,NA,NA,NA,0.924571874887493,NA,0.866422962838927,NA,NA,NA,0.966836304992145,NA,NA,NA,NA,NA,NA,NA,0.889456081978862,NA,NA,0.897278718215203,NA,NA,0.905366213228061,NA,NA,0.931587213900643,NA,NA,NA,0.906604587611742,0.930814319597032,0.921088289566021,1,NA,0.854140299209452,NA,NA,0.943527250739726
"Ala_1.0",NA,0.0144786656884589,NA,NA,NA,NA,NA,NA,NA,NA,0.012847748696183,0.0194416771551725,NA,NA,NA,0.0153004087443796,NA,0.0194956229987358,NA,NA,NA,0.0132122665453016,NA,NA,NA,NA,NA,NA,NA,0.0526854533652444,NA,NA,0.0159522566361847,NA,NA,0.0173625411821261,NA,NA,0.00939642141056128,NA,NA,NA,0.0182204072889069,0.010498214255372,0.0155869174901965,0,NA,0.0316001998269417,NA,NA,0
"Ala_1.1",NA,0.0471124467660545,NA,NA,NA,NA,NA,NA,NA,NA,0.0386983288483962,0.0289564790084126,NA,NA,NA,0.0285271387913197,NA,0.0438421371567055,NA,NA,NA,0.0199514284625536,NA,NA,NA,NA,NA,NA,NA,0,NA,NA,0.0353532332674491,NA,NA,0.0281743500236744,NA,NA,0.0276186074722303,NA,NA,NA,0.0322099668148656,0.0267447286889404,0.0213529348712014,0,NA,0.0601848471329309,NA,NA,0
"Ala_2.1",NA,0,NA,NA,NA,NA,NA,NA,NA,NA,0,0,NA,NA,NA,0,NA,0,NA,NA,NA,0,NA,NA,NA,NA,NA,NA,NA,0,NA,NA,0,NA,NA,0,NA,NA,0,NA,NA,NA,0,0,0,0,NA,0,NA,NA,0
"Ala_2.2",NA,0,NA,NA,NA,NA,NA,NA,NA,NA,0,0,NA,NA,NA,0,NA,0,NA,NA,NA,0,NA,NA,NA,NA,NA,NA,NA,0,NA,NA,0,NA,NA,0,NA,NA,0,NA,NA,NA,0,0,0,0,NA,0,NA,NA,0
"Ala_3.2",NA,0.0317305666769109,NA,NA,NA,NA,NA,NA,NA,NA,0.0507821127647857,0.0378839614713642,NA,NA,NA,0.0316005775768073,NA,0.0702392770056314,NA,NA,NA,0,NA,NA,NA,NA,NA,NA,NA,0.0578584646558938,NA,NA,0.0514157918811631,NA,NA,0.0490968955661382,NA,NA,0.0313977572165656,NA,NA,NA,0.0429650382844859,0.0319427374586553,0.0419718580725817,0,NA,0.0540746538306758,NA,NA,0.0564727492602744
"Orn_0.0",0.917877368261605,0.835421096922601,0.905988783834535,0.908870344534989,0.924233790223119,0.923989843386207,0.897624489895952,0.917439774175492,0.904710811681473,0.938768614657506,0.87961524284424,0.782291233851137,0.906151574123052,0.91314222187521,0.919157372914813,0.885158272787784,0.917715828166137,0.886741985412916,0.916286896340495,0.911980672217198,0.911469637416215,0.911642135197574,0.953336434048338,0.920119864041314,0.902644090053744,0.930936020921878,0.903967800326576,0.951223220949211,0.94917890356589,0.838184375330848,0.916887209743793,0.915100933001321,0.906942522275738,0.916659757129456,0.905761727224629,0.853243781294885,0.90943755838838,0.911796771445903,0.838926714702344,0.920823875230517,0.903991228651031,0.916921534141843,0.865140573085664,0.883316014698557,0.893421382365922,0.916595884744397,0.922438554839447,0.878730774022304,0.910205409365551,0.921596944134885,0.831185053106397
"Orn_1.1",0.0783866258714844,0.0832159560554734,0.0886081932026924,0.0859462630818898,0.072339879764656,0.0718491890651757,0.0976132049488479,0.0779054893252587,0.0913396122590893,0.0557779695789005,0.0845171403928428,0.0569532197767004,0.0892630714968926,0.0777127790275618,0.07730146535687,0.0707908130336178,0.0789334583854158,0.0805579655143948,0.0807099529528134,0.0791693268240693,0.0853445641895307,0.0846583008037774,0.0447662482222247,0.0758334675757451,0.0934177859917326,0.0666317487617994,0.0916713631174265,0.0476986401529569,0.0498446587061257,0.0540086519494757,0.075515250938815,0.0801731076412255,0.0663868547549474,0.0788293496930114,0.0911402277181602,0.0746881177708796,0.0851474578122697,0.0842855247860965,0.0817748156178546,0.074774414364043,0.0846682288785778,0.079105183825209,0.0740842464777073,0.0759347499640474,0.0794365779820351,0.0745868227841128,0.0736364317016468,0.0774588608867602,0.0469634811832967,0.0743815630831973,0.0557862872965375
"Orn_2.2",0.0037360058669109,0.00711397467050404,0.00540302296277287,0.00435487181502447,0.00342633001222442,0.00395154590224865,0.00476230515520031,0.00393329693929239,0.00394957605943812,0.0010390752293048,0.00574167677249719,0.00907711744667566,0.00458535438005555,0.00341350212860285,0.00301222030865525,0.00560745977046915,0.00335071344844752,0.0057004793376875,0.00300315070669202,0.00296132406863758,0.00318579839425384,0.00369956399864832,0.00189731772943712,0.00404666838294067,0.00393812395452316,0.00243223031632236,0.00436083655599712,0.00107813889783203,0.000934008154378711,0.00591779012577086,0.00359185099512903,0.00403912011819427,0.00403983512311391,0.00451089317753215,0.00309804505721107,0.00605911502457067,0.0045906929126189,0.00391770376800087,0.00640071868345808,0.00421053318727559,0.00397756717629005,0.00397328203294793,0.00593155371906623,0.00427094381086091,0.00451314156534433,0.00380557343260474,0.00392501345890587,0.00565875289265783,0.00177569965523951,0.0040214927819173,0.00678592060069933
"Orn_3.3",0,0.0146253597144484,0,0,0,0,0,0,0,0,0.00498746934673981,0.0311647354404544,0,0.000130321743127587,0,0.00744531098342806,0,0.00466555510786211,0,0.000362449297609438,0,0,0,0,0,0,0,0,4.24295736053031e-05,0.0183943549725381,0.000140161697672424,0,0.00386194401603885,0,0,0.0127193225548295,0,0,0.0134835642266218,0,0.000235640882956734,0,0.0112125046006855,0.00760945338653287,0.00419793994356026,0.000188630525730583,0,0.0064329554493267,0.00383932747119053,0,0.0198587179447315
"Orn_4.4",0,0,0,0,0,0,0,0,0,0,0,0.000471755944906843,0,0,0,0.000128393930403916,0,0.000147447858463218,0,0,0,0,0,0,0,0,0,0,0,0.000215905119941049,0,0,0,0,0,0,0,0,0,0,0,0,0.00020795000958126,0.000126476320586518,0,2.59759138541658e-06,0,0,0,0,0.000210537237534172
"Orn_5.5",0,0.0596236126369727,0,0.000828520568096623,0,0.000209421646368522,0,0.000721439559956612,0,0.00441434053428883,0.0251384706436802,0.120041937540126,0,0.00560117522549791,0.000528941419661718,0.0308697494942967,0,0.0221865667686762,0,0.00552622759248602,0,0,0,0,0,0,0,0,0,0.0832789225014264,0.00386552662459059,0.000686839239259532,0.0187688438301613,0,0,0.053289663354835,0.0008242908867312,0,0.0594141867697214,0.000191177218164478,0.00712733441114429,0,0.0434231721072958,0.0287423618194149,0.0184309581431388,0.00482049092176932,0,0.0317186567489509,0.0372160823247222,0,0.0861734838141
"Glu_0.0",0.944694108083958,0.408575810879712,0.928865053192588,0.83619371303782,0.939737685080048,0.867774683451529,0.940350178791143,0.846209078127744,0.939499723235778,0.840238842745492,0.496894461716293,0.374875573141982,0.930522698793513,0.680922718226985,0.815951017215493,0.441203591956882,0.938387868444386,0.534166341674754,0.941311515555335,0.71244472075408,0.935659613875165,0.901839156204894,0.939559070747818,0.934344709779936,0.939297657156478,0.925242905677575,0.933520183286014,0.93191123901554,0.934658676298988,0.461907647440311,0.680546376294219,0.841544494694057,0.533308326655811,0.922495669359679,0.935103734860774,0.418155400789581,0.834870183442462,0.941709839575058,0.41909424540983,0.862260484364367,0.6562950608862,0.940213954796898,0.431615819101713,0.411647353887045,0.493356189672885,0.688723453382342,0.93272242429558,0.490796129851449,0.669237519612877,0.936982970426283,0.466960170511491
"Glu_1.0",0.0112399595047384,0.00765313982221232,0.0152574106461821,0.0111598504577603,0.0113920182333985,0.0119863861637651,0.0108330585865483,0.0108787437393129,0.0114604484075824,0.012082990472787,0.00765820709033502,0.00625127431967179,0.0127368880113806,0.0104068447152338,0.0117507901214732,0.00667044505233241,0.0136304913928146,0.00821881644405485,0.0127940188494934,0.00813196093270703,0.0129242678492875,0.0112836338780381,0.0123963130107469,0.0130913010027905,0.0125084576387653,0.0147686747262764,0.0123368975263323,0.0139655813079869,0.0132790909931141,0.00759674424153771,0.0095387479293863,0.0124597564448214,0.00754207604032969,0.0158965715611651,0.0118918867146964,0.00689448491936111,0.0105055604172069,0.012165652331304,0.00655322832919891,0.011948661135685,0.00895233709797035,0.0121178259283146,0.00761998986267047,0.00691168489333844,0.00758363335574476,0.00933973541664589,0.0118950754231728,0.00621830159067586,0.00818110104745473,0.0122080673749096,0.00632854491959695
"Glu_1.1",0.0369797403752805,0.0271067469973714,0.0443266580281151,0.0394378080637099,0.042982357614885,0.0431695402619778,0.0425727982660104,0.0394333837122297,0.0415585544541394,0.0404821785167719,0.0287987404615989,0.0250161207746196,0.04689140987498,0.0365759845987333,0.0405845763655549,0.0280061314903342,0.042720628144999,0.0281946658646573,0.0417141835946657,0.0314498581344038,0.0464281052144622,0.0821966656888635,0.0417024706310866,0.0464670498709618,0.0431116565782461,0.0488516997635645,0.0450546550550677,0.0471608842870551,0.0447568190043728,0.0250139910042279,0.0317268769268911,0.0441049588455737,0.0296497934042106,0.0513232061391382,0.0476296286053938,0.0280342878441987,0.0370065274342151,0.0430855258271711,0.0228737924869039,0.0446077203741243,0.0306714727289234,0.0433208210586281,0.0278924006405638,0.0275886239044999,0.0283915160795216,0.0364492414821849,0.0476498536155869,0.0257793474112679,0.0290481188738808,0.0445496053321388,0.0263156293802492
"Glu_2.1",0.000419712645603034,0.00465236875440956,0.000498008916983541,0.000115372643156008,8.97567105710804e-05,0.000193612575061481,0.000461565081392711,0.000486820958574293,0.000754768201910237,0.000252484589217427,0.00168556882791703,0.00440134997284076,0.000251637554729844,0.000243244885904366,0.000396431738908292,0.00429584005498828,0.000429988853248437,0.00205233178132343,0.000164400232206774,0.000463998742323059,0.000576159629439904,0.00147895730404902,0.000634937857791178,0.000701551946532948,0.000632417947696562,7.35958721365595e-05,0.000343293097970619,0.000415831403852829,0.000345138736160141,0.00210216642244627,0.000471389194069313,0.000315211963677058,0.00202275136357096,0,0.00040371569744378,0.0041429832206323,0.000399260770518576,0.000380100757953306,0.00461720004799109,0.000179437962676907,0.000554891609428734,0.000484534738814758,0.00470641995275091,0.00471836570369217,0.00200442572598929,0.00031648889196307,0.000235133091193938,0.00212102762496497,0.000656024236827081,0.000542812865554748,0.00219306131458263
"Glu_2.2",0.00181662474822326,0.00263274108420408,0.00226130037578962,0.00110410225688771,0.000306284736736284,0.00153355404933059,0.00166849148983283,0.000982489109780776,0.00114352092620512,0.000992676380443856,0.00126937648343404,0.00220802097960193,0.00093807614805265,0.00168978991213837,0.00113769049353739,0.00244017233537876,0.00161550591652066,0.00145352532543331,0.000782054956586483,0.000560163523261425,0.00132927149114459,0.00251432554912855,0.00202797096400593,0.00192285071843519,0.00125671107508895,0.00122736256090738,0.000729300841288174,0.00207130202783919,0.00128537926390507,0.00132562608686261,0.00132481494512333,0.00104496459824698,0.00131660039646342,0.00123050166375802,0.00100201651408808,0.0019370833753988,0.00135406298487452,0.0026588815085133,0.00286088480644403,0.00155532316816542,0.000783729641867068,0.000830161942623483,0.00234678691055406,0.00203021580428344,0.00198263964695379,0.00136403415751167,0.00111353722977799,0.00163740104243164,0.00156052617561904,0.00203566967382175,0.00158917998589729
"Glu_3.2",0,0.0263581660835058,5.91100103288994e-05,0.000289848464126699,6.93353707579758e-05,7.72763585300835e-05,0,0.000209533081019918,0.000137837481674173,0.000135725624726499,0.00976262888052215,0.0232339621108084,0,0.002098899807614,0.000314486872814772,0.0261498794164386,0,0.0116195420070228,0.000107502658675833,0.00294996033767618,0,0.000268247714003617,7.63399856277864e-05,0,0,4.38171634695602e-05,0,0,1.42247320311839e-06,0.0110378879704955,0.00306694812949292,0.000241861892324881,0.0118641773799123,0,1.54345336631123e-05,0.023705555341866,0.000426641439514939,0,0.0271344304183994,0.000112701265623641,0.00160825254194796,0,0.0261070080218633,0.0247066045389724,0.0116086938868593,0.00340236300500295,0.000261840325845738,0.011874994510544,0.0026765808101393,6.58705747186521e-05,0.01119146711535
"Glu_3.3",5.46068600010496e-05,0.000665462295389588,0,2.93528752748295e-05,3.99938366954302e-05,7.01672738617964e-05,0.000107690721050932,0,0.000159536193841134,8.87714067442548e-05,0.000228778848711749,0.000504239836999515,2.3272316537531e-05,3.67956767756798e-05,0.000115655370539992,0.000526341857645518,0.000151645741368141,0.000327233443774986,0.00019580133424429,0.000204786076438262,0,0.000419013661022838,0,9.34376708072423e-05,7.39573918976717e-05,0,0.000147011514790779,3.00658061020125e-05,0.000120576249552751,0.000345317532030688,1.13738074735182e-05,0,0.000224090785487521,8.94836053802758e-06,5.86100757504032e-05,0.000485703087031749,2.65999353397723e-05,0,0.00067211301469908,0,0.000111057262319655,0.000312199309888763,0.000773226592089331,0.00046914919597012,0.000252268798125755,6.83764536445997e-06,0.000117131803430863,0.000233356864556342,2.46338072991178e-05,0,0.000271999480087054
"Glu_4.3",0,0,0,0,0,0,0,0,0,0,0,0,0,0,0,0,0,0,0,0,0,0,0,0,0,0,0,0,0,0,0,0,0,0,0,0,0,0,0,0,0,0,0,0,0,0,0,0,0,0,0
"Glu_4.4",0,0,0,0,0,0,0,0,0,0,0,0,0,0,0,0,0,0,0,0,0,0,0,0,0,0,0,0,0,0,0,0,0,0,0,0,0,0,0,0,0,0,0,0,0,0,0,0,0,0,0
"Glu_5.4",0.0047952477821959,0.522355564083195,0.00873245883001261,0.111669952201264,0.00538256841690761,0.0751947798659446,0.00400621706402185,0.101799951271338,0.00528561109886962,0.105726330263817,0.453702237691189,0.563509458863476,0.00863601730080602,0.268025722176616,0.129749351821678,0.490707597836,0.00306387150666322,0.413967543458979,0.0029305228187925,0.24379455149911,0.00308258194050035,0,0.00360289680292343,0.00337909901053574,0.00311914221182747,0.00979194423607062,0.00786865867853647,0.0044450961516238,0.00555289698070405,0.490670619302088,0.273313472773344,0.100288751561299,0.414072183974214,0.00904510291572186,0.00389497299819077,0.51664450142193,0.115411163575869,0,0.516194105486534,0.0793356717293574,0.301023198231343,0.00272050222483232,0.498938348917796,0.521928002072198,0.45482063283392,0.260397846018985,0.00600500421541196,0.46133944110411,0.288615495435903,0.00361500375257302,0.485149947292746
"Pro_0.0",0.949004358762064,0.764843737503437,0.944059890894002,0.94933273017248,0.944642561676622,0.94702715695524,0.945084310641278,0.952204697032633,0.944353107292949,0.955634117277313,0.883933212057611,0.755191567740345,0.950025173480655,0.940167977821046,0.951080766892909,0.83803980070112,0.946495970247952,0.901857282139641,0.949052528596955,0.940173094185846,0.946474174748786,0.950326814094026,0.948079819387824,0.946886671893209,0.947623890303199,0.952942374809709,0.947430275334302,0.949329265368752,0.948504384379048,0.869413689049486,0.940501776207776,0.951365344170286,0.911170980607646,0.949701155913717,0.949246458973253,0.784450959518078,0.945006686472876,0.950223266814136,0.765373483750043,0.950368049108484,0.939469313937182,0.949774114494961,0.818576714543393,0.847902097935414,0.91539271396579,0.945681824700525,0.949343037431075,0.868544173959863,0.940040977117774,0.947527640983657,0.872938486016136
"Pro_1.1",0.049754738940226,0.0523128370221229,0.0538888576248355,0.0484869742293507,0.0533134405970321,0.0506021782140742,0.0527173791854454,0.0468596286063514,0.0540592490283972,0.0430786154416856,0.047847519514726,0.052295982470407,0.0486009121700363,0.0493394182574612,0.0469707824252857,0.0508103718655657,0.0514000149297137,0.0488794167536324,0.0483707723393082,0.0513313636623793,0.0494400886694784,0.0496731859059742,0.0497512829809843,0.0506179365641044,0.0503002595091453,0.0449176406829993,0.0504923748301186,0.049109290930896,0.0490999058345588,0.0488823163376289,0.0524302684277623,0.0468648136992307,0.0508982320787214,0.049360444609225,0.049027152709289,0.0483158184421073,0.0522726364872479,0.0481873147595078,0.04976681704575,0.0472946291434193,0.0509954851264641,0.0478055180729789,0.0496892697108039,0.049188658878683,0.0476377106111913,0.0475284432220288,0.0483359575951208,0.0521027642770075,0.0485114018205118,0.049207532783552,0.0501740778689396
"Pro_2.2",0.00124090229771009,0.00924546036538855,0.00205125148116274,0.00218029559816952,0.00204399772634568,0.00237066483068545,0.00219831017327643,0.000935674361015186,0.00158764367865356,0.00128726728100155,0.00476119193493721,0.0104126957230311,0.00137391434930926,0.00188595395931585,0.0019484506818053,0.00742640929969111,0.00210401482233407,0.00505956848236443,0.00257669906373675,0.00191417829862418,0.00408573658173601,0,0.00216889763119124,0.00249539154268644,0.00207585018765584,0.00213998450729177,0.00207734983557925,0.00156144370035168,0.00239570978639312,0.0055150769974235,0.00167766888783925,0.00176984213048307,0.00358936181441028,0.000938399477057599,0.00172638831745783,0.0105311932181294,0.00272067703987633,0.00158941842635638,0.00949663934423443,0.00233732174809631,0.000570308914393673,0.00242036743205988,0.00712638166532346,0.00863875409048551,0.00196347870796924,0.00222287445849727,0.00232100497380441,0.00458895457061983,0.00281118076024914,0.00326482623279131,0.005167909235294
"Pro_3.3",0,0.0386272917250325,0,0,0,0,0,0,0,0,0.0121545320370538,0.0384618573555075,0,0,0,0.0235063758530326,0,0.00909604569591131,0,0,0,0,0,0,0,0,0,0,0,0.0154124777480645,0,0,0.00740945550064381,0,0,0.0347237368476806,0,0,0.0392043372172042,0,0,0,0.0308644840118047,0.0210823784997381,0.00786990059755544,0,0,0.0156701843063733,0,0,0.0159696164496848
"Pro_4.4",0,0,0,0,0,0,0,0,0,0,0,0,0,0,0,0,0,0,0,0,0,0,0,0,0,0,0,0,0,0,0,0,0,0,0,0,0,0,0,0,0,0,0,0,0,0,0,0,0,0,0
"Pro_5.5",0,0.134970673384019,0,0,0,0,0,0,0,0,0.0513035444556719,0.143637896710709,0,0.00860664996217714,0,0.0802170422805903,0,0.0351076869284508,0,0.00658136385315062,0,0,0,0,0,0,0,0,0,0.0607764398673972,0.00539028647662296,0,0.026931969998578,0,0,0.121978291974004,0,0,0.136158722642768,0,0.00896489202195985,0,0.0937431500686754,0.0731881105956795,0.027136196117494,0.0045668576189491,0,0.0590939228861364,0.00863644030146524,0,0.0557499104299459
"Asp_0.0",0.953478990434941,0.912727053016149,0.955225128263163,0.949921163923923,0.950931989169015,0.949117815921814,0.947386210318734,0.946664065421896,0.949978893097588,0.950142243238002,0.9170783608376,0.898667813096694,0.950326171950944,0.939129118295507,0.948986953705611,0.90998885605605,0.953370833605265,0.919157512832954,0.954521509209549,0.934133917737029,0.953577371741336,0.954504334631339,0.950229825793784,0.948802124456529,0.945003783781574,0.947630505726338,0.942572077881128,0.951563324875853,0.948465315898535,0.92386178397601,0.938902320850526,0.941379466413124,0.924986040746714,0.952688197575201,0.951731152675807,0.909195646288698,0.943839325940683,0.960583978504732,0.915610229203834,0.942044411627223,0.950198139046181,0.95097848302389,0.902784451351194,0.9092132799497,0.91843345757221,0.932739852130575,0.946283681352363,0.923811206395581,0.945825942862687,0.944655342785261,0.916818920675772
"Asp_1.0",0.0114272371432658,0.0117517658713864,0.0100711246249503,0.0135893000231134,0.0122580965365615,0.0126852395896905,0.0119877626852367,0.0120380856252837,0.0121858815181283,0.0132116418773443,0.0140969845820602,0.0124200273644765,0.0110542809725126,0.0139606148746271,0.0112123875321945,0.0127618415431421,0.0117636719041852,0.0120673171800123,0.0118759723043205,0.0144096942428312,0.0125679311436567,0.0126158041844103,0.0109485934651217,0.0126113171716621,0.014770875851939,0.0138195290635995,0.0149701858219096,0.0124832669495108,0.0127372185564931,0.00961651483948213,0.0135349304575701,0.0143517467313165,0.0118788763753592,0.0113893369987954,0.0128824175660484,0.0120068294506167,0.0132274017552998,0.0111523496374489,0.0102588648876918,0.0134663416486362,0.0108554928310538,0.0134924107478087,0.0130236202039298,0.0134083941503743,0.0130342414126144,0.0145354927328034,0.0165077132486218,0.0133233464023418,0.0105257765957791,0.0132687066883571,0.0110019085826801
"Asp_1.1",0.0335731445428044,0.0368717039047232,0.0329704501692785,0.033412242540469,0.0351187448925188,0.0369912976149293,0.0394427594648388,0.0384168524810476,0.036475483779512,0.0338388615597923,0.0422872546879751,0.0359538683802783,0.0372403164074808,0.0371813382210721,0.0381533543394981,0.0357878268830226,0.0332407858779742,0.0387420454304061,0.0322877802541689,0.038314190157549,0.0320635957763159,0.0328798611842511,0.0375290190527299,0.0362538548442137,0.0390036260479344,0.0378337416703593,0.0407581190349999,0.0347039094675264,0.03782714801008,0.0306917149805613,0.0358773845206437,0.0420573743261249,0.0360243705658819,0.0338215646334636,0.0333542287183205,0.0346073206509691,0.040663318855295,0.0267423718608358,0.0362497986724415,0.0422176786795576,0.0318495786629573,0.0341772898340023,0.0380711792431492,0.0341177097077247,0.0400318073146364,0.03963865021376,0.0358674841697319,0.0377446043482527,0.0313571822527072,0.0402643337404441,0.0353801198786545
"Asp_2.1",0.000565527570208347,0.00408107940170657,0.00058351038205152,0.000316540474011559,0.00042808264950287,0.000321407807963867,2.35388402323607e-05,0.000353115047120265,0.000294253197526187,0.000355861526741389,0.00196780024339267,0.00503046007720578,0.000462586538922132,0.000569051991906571,0.000401777832619086,0.00390942618598298,0.000665407251019536,0.00336632839615607,0.000446373612041636,0.00114591551023807,0.000470215470357836,0,0.000465248298416738,0.000705674465229372,0.000236443974208094,4.76886100873707e-05,3.08797374614133e-05,0.000471471763067552,0.000246458222754322,0.00363428685251965,0.000773471897176573,0,0.00257184655384865,0.000468445980563563,0.000357649923061844,0.00419746968602395,4.75079648935459e-06,0.00059327664796378,0.00401609788623514,0.00019667967588168,0.000862364648340887,0.000662099238558386,0.00489722702613896,0.0042971072328516,0.00235310050762351,0.000798948266084334,0,0.00239083504420456,0.00107233224751568,0.00014469480618953,0.00346200521084933
"Asp_2.2",0.000877363720285126,0.00487771220825141,0.0011448096037617,0.00135247221952276,0.0012057292275592,0.000318394528320601,0.00110489507192858,0.00121579540703987,0.000970103406492878,0.00130403647103144,0.00267390544530134,0.00562438886190913,0.000515938939504949,0.00166823068405112,0.00054636020823891,0.00455931375278414,0.000928496544634223,0.00328915493532114,0.00080737072594145,0.00166182982287364,0.00126550508585117,0,0.000697870021694256,0.00162702906236638,0.000910450193330144,0.000599660324839273,0.00132642667267508,0.000685981921305475,0.000705469491213993,0.00414088989158051,0.00136803537954034,0.000828254236519755,0.00338187884817914,0.001183916845358,0.00121936773194716,0.00540444104226355,0.000957579187495538,0.000647009694556008,0.00470661415360057,0.00154702706191767,0.00128225662639472,0.000333892183783961,0.00493809103115384,0.00519335436716856,0.0033445641441414,0.00215731601108256,0.00130225658640081,0.00367125561994803,0.00127224029690353,0.00161087879007492,0.00408603123081492
"Asp_3.2",1.38194062965451e-05,0.00117953140219555,0,0,0,4.26710179884372e-05,5.48336190292786e-05,0,2.58090326913608e-05,5.93318884024683e-05,0.000662446502718125,0.00147402766252641,2.54672804538518e-05,0.000167537909218864,1.9111115127236e-05,0.00119317298532721,1.37306849156704e-05,0.000776445391021991,6.09938939785523e-05,0.000250175335234616,1.38924222182355e-05,0,3.43867729607864e-05,0,7.06047799720932e-06,3.04733561962358e-05,3.59242138536683e-07,0,1.8389820923194e-05,0.000984435399788468,0.000187686343775431,0,0.000573458588471876,0,2.0423714740982e-05,0.00118327953404935,0,0,0.00102531804512018,5.914279933666e-05,4.91549635579477e-05,4.76740948319059e-05,0.00114182031333753,0.00133724725957607,0.000815535960301159,0.000192534519068433,4.26082701948931e-06,0.000411220739191322,0.000310493377151249,5.60431896737969e-05,0.00105132433060331
"Asp_3.3",6.39171821989089e-05,0.00114608150153718,4.97695679496344e-06,6.43577474323133e-05,5.73575248428649e-05,6.49944407511344e-05,0,0,6.95759680614822e-05,4.51624343156641e-05,0.000722772635043478,0.00134012355747177,6.69728756806213e-05,7.80929442948819e-05,0.0001452442842336,0.00112321221319204,1.70741320060793e-05,0.000749812721736575,0,0.000311024930357206,4.14883602636663e-05,0,9.5056595293185e-05,0,6.77596730170228e-05,3.84012485802156e-05,2.06787533666801e-05,9.20450227368271e-05,0,0.000908388222864967,0.000238798158259154,6.08392904181509e-05,0.000805592168798086,0.000116343068044155,6.91175425467711e-05,0.000937875042305074,0.000165918411493492,0.000281013654463815,0.00108946554642778,0,0.000125680600478987,0.000308150877124983,0.00110926753333282,0.00123061114466381,0.000688993635907448,0.000214277274740277,3.4603815863461e-05,0.000532228328885168,0.000223674130594629,0,0.000855385074937882
"Asp_4.3",0,0.0273650726940509,0,0.00134392307152784,0,0.000458179078542398,0,0.00131208601761292,0,0.00104286100437037,0.0205104750659093,0.0394892909994384,0.000308265034501277,0.00724601507932206,0.000534810982477712,0.0306763503804991,0,0.0218513831123922,0,0.00977325226388762,0,0,0,0,0,0,0.00032127285632117,0,0,0.0261619858371934,0.00911737239250836,0.00132231900249656,0.0197779361527473,0.000332194898574503,0.000365642127527875,0.0324671383050747,0.00114170505324405,0,0.0270436116046494,0.000468718507447189,0.00477733262103572,0,0.0340343432977636,0.0312022961879413,0.0212982994525659,0.00972292885188567,0,0.0181153031215958,0.0094123582366618,0,0.0273443050156874
