"Measurements/Samples","sample1","sample2","sample3","sample4","sample5","sample6","sample7","sample8","sample9","sample10","sample11","sample12","sample13","sample14","sample15","sample16","sample17","sample18","sample19","sample20","sample21","sample22","sample23","sample24","sample25","sample26","sample27","sample28","sample29","sample30","sample31","sample32","sample33","sample34","sample35","sample36","sample37","sample38","sample39","sample40","sample41","sample42","sample43","sample44","sample45","sample46","sample47","sample48","sample49","sample50","sample51"
"Arg_0.0",3932038.43779186,3026640.06267824,3710065.62569431,3680945.46098351,2936101.15095052,3707015.96120681,3881595.68798907,3808642.2784725,3758016.91372551,4515148.10927841,3863649.9709252,3807530.25052624,3561432.40458076,3320950.93300538,2924572.34619035,2966875.01747594,3835179.05914965,3949501.79996973,2804577.27146872,3614574.28219457,3963568.14772811,315598.190555265,4485463.95751597,3672515.32181221,3830786.66503704,4546807.76514028,4032396.43898575,4383842.35150177,4081610.44524851,3320881.36962136,3382379.81246521,4271117.75459912,2811839.6491026,4053400.9801357,3867953.77472062,3043316.48597073,3640132.65592429,3533537.23071716,3507665.21338687,3617695.02643452,3594697.90191189,3544859.44205387,3292621.35158018,2747157.61381057,3640247.39457416,3389693.10201607,3146006.77649927,3300963.01502375,3907058.5221508,3963849.5143517,3665798.58210288
"Arg_1.1",503326.009043571,387380.253991209,483093.02907691,459343.850149692,384962.247898193,507157.643749087,520905.365799091,505475.505563,499751.06259228,587434.025160814,479753.705460242,513390.115164716,494822.147443398,431481.756588117,375513.850862337,394163.047945323,472797.505756209,494434.291686316,366188.94108887,451862.29223248,530250.145556657,51538.3528567638,593647.68204232,484446.283002024,500689.732830373,585279.792075094,512197.690661661,585387.545009134,536796.887128363,415156.367214458,457078.693551004,552407.373111448,374473.866875668,538845.176555665,515302.52477951,406046.650224847,457922.240958911,458462.565463116,454749.752448553,455450.461295753,470515.193809222,470237.053717305,416767.538703366,345081.549457378,455543.982317254,433658.357350022,390255.67125955,428819.894033514,509778.596917058,518011.536914976,464685.978081049
"Arg_2.2",86071.760204893,75893.6799839898,92236.3989175005,83330.8310928125,85741.5383479012,78296.5364526328,94797.4559930654,111043.367072487,87791.5112171707,67614.4234703246,88248.8570606261,74855.0276566646,89391.8492537682,75077.3237895453,66919.159530672,130026.124591407,80129.2791051782,83165.8496672647,105677.818991424,74936.6188925362,91657.6333883322,30298.5822715236,69112.4999136809,98167.0500468443,87316.7505013676,80063.8073809366,94537.5284733233,70014.7455087762,71885.469253915,79048.2445002455,99197.926858474,84345.4708378154,99911.2640428969,87875.6795132148,84628.0631036391,79357.9493037527,79095.1308198292,102807.422339279,78781.1813961492,99201.6256401528,80338.5327803015,85852.5487365487,71743.2291024065,160895.464099368,78579.8074405281,109534.39451569,92746.7788998284,85239.8900379713,60378.1225355619,80539.0641270157,89656.1785928873
"Arg_3.3",13783.271541743,15671.7507482538,16722.4073589005,14460.5373005252,15539.8930237364,12407.9212925714,15504.2247063916,20620.9599482501,14562.9458277301,11600.5469433553,14311.5772410053,12669.4291837883,17422.0933341981,13332.9845994365,10733.1307235305,24317.3359965363,14479.260641318,14727.6693077109,19866.4689518142,11167.3330624689,16947.229511453,3538.91215550126,11053.13745318,16872.3683983269,16113.5534356485,13594.5517289948,15068.2763058721,10631.6851893835,11886.4280689653,18339.0842739534,19742.1530595568,13209.7336304667,18153.4062069533,14368.0813555413,14536.5275915814,14772.9222587431,14312.3658512816,26905.6061437358,14117.503233402,18085.8321159971,13792.9267400548,16800.8382225896,12809.3964523276,26641.8600577086,14159.997431614,19502.7630753704,15925.2237130009,15410.0707696259,11611.2075527762,11273.1306147933,18974.199536397
"Arg_4.4",0,0,0,0,0,0,0,0,0,0,0,0,0,0,0,0,0,0,0,0,0,0,0,0,0,0,0,0,0,0,0,0,0,0,0,0,0,0,0,0,0,0,0,0,0,0,0,0,0,0,0
"Arg_5.5",0,0,0,0,0,0,0,0,0,0,0,0,0,0,0,0,0,0,0,0,0,0,0,0,0,0,0,0,0,0,0,0,0,0,0,0,0,0,0,0,0,0,0,0,0,0,0,0,0,0,0
"Arg_6.6",0,0,0,0,0,0,0,0,0,0,0,0,0,0,0,0,0,0,0,0,0,0,0,0,0,0,0,0,0,0,0,0,0,0,0,0,0,0,0,0,0,0,0,0,0,0,0,0,0,0,0
"Ser_0.0",5400594.4159376,2041703.03633044,5490750.92990749,5588805.39902435,3791763.00087818,5271861.22216677,6245853.44865093,5262034.03152154,5892594.34000662,5094870.72243945,5322183.62323862,2830047.60768534,5869651.31172862,4857801.18391385,4439303.6302958,2312534.65305365,5379582.91563345,5079569.8224821,3959710.75362671,4688119.50365294,6445648.70921868,8822897.85635379,5171910.49226771,4758283.93014907,5898281.62309077,5688333.31370401,6791964.6911306,5893371.85087194,5433719.56671123,3188696.43525807,4162586.41911392,5756702.67231772,3506372.98780567,7083952.48402,6126725.38329715,2955152.42990206,4927090.34753744,7418147.95337213,2105771.45245639,4962177.3354911,4948947.72504092,5742877.21139239,2665962.04010491,2097182.13790247,4350978.32782803,4448223.70464327,3884286.35967895,3959626.54408801,4509215.49538266,5540230.29426301,3617323.37217534
"Ser_1.1",491911.167040503,178907.577782542,491953.506780133,497254.932575756,343154.750036089,456302.859033278,565016.013936498,455943.761131381,525784.351351945,458060.133205994,458618.10442598,243553.351874301,542189.049214605,419372.417748545,390250.495025959,208894.449753696,464638.228951515,446927.555233784,358789.186661721,422345.361872948,576613.357564681,752835.188294887,459330.222956268,412694.594103221,514928.896766939,497539.042206455,598692.456508253,509870.6541527,472347.962619676,283659.272222566,359217.498640622,523684.60090365,304641.153586935,659148.560072645,532851.225142793,266027.058720883,430733.942262266,651930.099929143,190940.927053086,431800.004835199,444865.674730281,538445.226642032,234367.350806939,186556.90732803,397271.478732438,390404.227927413,328175.808727982,363151.63875413,374907.54007036,488015.164407269,314433.140166048
"Ser_2.2",62163.1233128096,24930.5307274545,65377.2829085103,70886.6828243935,47835.485667532,62581.747853956,74763.0678988533,55560.0351944734,70562.8387615021,59367.8099165914,61605.9692860644,34311.1576825625,73377.4232930823,53621.9406946063,49634.954901396,27235.1517533326,66622.048816758,58343.5477620777,47524.3257273027,56570.3676869797,76765.556696265,102160.122951419,60059.059748954,57610.3132393359,69022.7474403067,66704.4332334279,79908.8618729555,68181.5776901374,63526.0436738643,38292.1754185804,47078.9814600991,71061.8154387678,42754.9633784873,80320.5085243871,72646.3567355002,37321.7491334158,58281.7265192498,87232.7424232713,25832.9149045067,57690.7275839463,58432.5293041497,69605.2465705124,34456.9526475607,24889.4797170833,52565.0702499062,52444.1376109038,45248.6038019307,49230.4316726208,48965.3186580642,64075.9922527641,43526.8928351526
"Ser_3.3",0,0,0,0,0,0,0,0,0,0,0,0,0,0,0,0,0,0,0,0,0,0,0,0,0,0,0,0,0,0,0,0,0,0,0,0,0,0,0,0,0,0,0,0,0,0,0,0,0,0,0
"Asn_0.0",7234049.01104829,5890650.50622363,7491117.96750934,6279560.27015336,4700612.39950244,7008139.31323848,7769355.736388,5737464.43751641,7621693.65163772,7695458.15940139,7637521.64978596,5207159.34145116,7628136.46097273,6406826.88866985,5431039.7444101,4305311.48831868,7688349.24031007,7596852.16127712,4541974.34178824,7631809.73426204,7575124.55023506,0,7268706.25268844,6174688.16754854,8174390.56268197,8300913.74340166,8186811.83357818,8023299.57979911,6490931.03495931,4024204.99279891,5605904.86564601,7840000.31013923,4533558.54528214,7661378.88902522,7011475.93658046,5055712.70539945,7042797.44629483,9953850.60711133,6029523.88826214,5809058.60601431,7163411.62654252,6458562.15297398,6183007.14878141,3510810.41568952,6421808.5799078,5395517.72519121,5028012.46374534,6296545.58595773,6230500.18099823,7411182.59013701,4651302.38532067
"Asn_1.1",646682.168127469,504192.551402563,683263.522716921,572611.064594505,402787.869405107,612189.960052501,701009.198669682,502083.986143707,666152.938800098,637730.067260777,652726.239066147,466369.076591333,707551.370847694,560324.886749562,480844.215354532,379613.029699492,713678.007727327,689054.958996418,390892.585780309,687420.367398847,662480.065258715,0,680079.52369479,523775.401699531,721148.812217926,730004.225644845,753170.205009156,727673.573158623,594485.528323818,329250.377261746,483923.544912369,685905.443431058,401374.242128245,677793.654983681,648732.328822065,428778.38275223,668625.129310258,912914.282987407,521955.985191383,518018.579012661,642210.529243103,556421.57440896,534627.24101349,305125.268636332,566947.311235115,465228.048587648,431741.214498508,543809.314637855,586286.550611341,628812.358858109,402963.56525798
"Asn_2.2",53596.0171076316,52360.5889286348,57389.384811519,47848.0045409356,38340.5539217375,53083.7245834421,63172.2793902527,49204.745897843,57734.535326526,53402.9609898436,58043.8807895216,46965.9552156586,59648.7696296411,47398.1895717081,40732.1294770968,41773.8200969375,59934.3042483526,58573.9171900546,36814.6765571819,54236.5298127955,56452.2819379311,0,55501.9076832457,49440.1623887398,61371.5087656634,61968.3813735856,65142.3538444385,59648.3683659963,49836.1073641066,31716.7299784395,45519.3517646806,60173.9584818462,40787.4396149727,58592.1820941603,55149.2297815856,41887.7933136223,53824.7225448436,79453.8688805746,49648.4127316181,47098.6979170834,57606.3889145766,53345.2563809391,53380.3022634443,31578.208772834,52356.8651100675,44292.1326350876,39705.69728512,50529.4252032988,46008.6938686069,57208.7638970983,35849.7842086721
"Asn_3.3",21303.4271023625,26238.1832146705,22668.7047832459,27513.922047887,22674.2847456084,24926.3141703403,25191.640974444,25404.7237327074,18579.7653985221,16171.1694875567,21955.1852596809,20214.8208012419,28395.6899992964,26861.147948138,28145.8031337494,23780.5220785609,25583.7203029887,22936.4148369361,36151.1359331133,17143.253349056,27869.1078016108,0,18110.6427321212,26656.1238214122,28988.9115072556,22324.1300119656,28277.0383838642,22336.2555559881,22158.2056653133,21358.3385801471,24214.2712816288,22122.5811622378,27457.3069623417,20220.2792760232,26147.6795385596,22394.7844341454,18523.4956740378,29627.2554826193,21605.5430435214,25583.2912860671,21774.816596485,30258.6828710576,24155.0928290406,20423.3373115006,20659.5094325823,28051.9537270434,13867.3314719609,25465.6449402058,16815.1237164001,20300.9968901717,22479.9250303849
"Asn_4.4",28420.4719393151,52809.1566669879,34501.473263099,26578.3508404527,19845.437719133,28203.9880657874,36333.1251412303,23244.8449463007,32987.067596358,28291.5851603061,41454.1993567274,36641.6051950468,32641.8507423321,30470.5670078371,23553.3084449792,40056.1446470715,31297.8240633813,43012.8554380268,21628.6187540619,34788.6368137287,31140.7160705054,0,31614.559929639,25729.7721438179,35231.9613980038,32037.6294930122,33034.2507624855,33117.6901920989,26579.2876953078,18396.8734312405,22605.8812296913,29470.518740884,23552.2838728352,34415.2047602348,63705.0130101886,42967.0803250364,37046.6893907687,39836.5070928371,53620.0178133862,23003.3819664971,30692.3814301932,26195.0110690743,48270.5596876868,28818.0164399537,32806.1551154399,20578.6489372828,23440.0957600014,31867.1267595436,25528.5865108564,31626.9982788303,21807.5181918331
"Gly_0.0",560068.992739727,577842.650709997,551926.650488134,717280.349918308,441165.318569095,639924.912350765,806078.748531912,644836.633886756,738820.941892296,596474.154880518,834117.726474184,767251.074459261,625527.921579109,459122.807236965,405563.08238595,613181.861276286,441191.33367062,692492.781147336,363167.273774168,490591.999178558,768557.276742054,2002222.23150462,607932.900671153,576373.409327952,573553.350917841,727755.12240824,827088.090963783,623306.93903235,472551.048567928,447072.456184381,550844.555260437,565518.05522469,509878.386842198,911176.388253845,727495.996076771,704243.441471703,508156.733732977,638247.816062666,815877.386230728,592688.284702486,510535.738050609,659568.643953355,582268.289846943,489246.32400899,706683.145750732,547991.937895945,474771.470377281,560020.007835317,534769.335748319,618782.233606964,562000.301162332
"Gly_1.1",41452.1125652481,49063.8740179315,44314.9004350793,56018.1466573655,34944.4732357331,49838.3716828368,62322.6920209333,55087.3484926277,52723.9125867601,45407.7827776597,66652.1337539017,59085.8390283284,46309.2602272474,35181.6677049579,33551.3172974801,48764.8759570729,33586.4722139507,52862.8834225688,28188.2640621565,38669.926755083,59136.7190370519,153625.213939922,44596.4116721499,44777.2774439598,42991.7297311998,55633.3110876209,61218.7391829357,45946.855552096,35992.8822714177,34611.5821648617,41419.5960251121,48240.5602887628,38049.7102719438,69581.6259929725,57296.9532348307,54796.9551453096,37916.0832310025,48681.7340120637,64162.2913377042,45468.5511702752,39419.7785678093,49812.5713121484,44016.8045569712,36847.7671054187,54798.8775550762,43881.1541003714,37658.1967406285,46068.9751542599,40590.2027681397,48538.5455327541,43381.0869895522
"Gly_2.2",12565.004323004,0,15262.6285066223,17537.7216092582,0,18113.2501156425,18596.427131037,16788.6571153908,16805.0782055006,0,17777.3245694741,14222.2258718286,18199.4715981464,15377.6356503057,0,0,14147.9575144618,16528.9928465695,0,0,18772.0318791682,55407.7026834597,18098.4499456215,0,16110.0114765236,19538.1500299358,22561.9071256914,17012.2456751168,15082.4009887232,0,13463.2026265008,15607.6571324277,12819.7852029341,22171.5055633418,20431.728598608,0,0,19121.1355992174,0,0,0,16240.842773426,0,0,0,14193.310992597,0,14715.0428955955,15435.1857054939,17113.1216874283,0
"Ala_0.0",0,213417.079097162,0,0,0,0,0,0,0,0,124994.707509941,357666.566476505,0,0,0,391311.650315697,0,93956.1208444364,0,0,0,843368.43529239,0,0,0,0,0,0,0,49748.8729575714,0,0,90455.5436348966,0,0,292780.023352063,0,0,413132.448872701,0,0,0,253031.759058602,220328.851327153,152916.582798944,13119.7160795877,0,63936.1127373616,0,0,68992.096972606
"Ala_1.0",0,10707.074179969,0,0,0,0,0,0,0,0,6066.82049306935,19818.6277259093,0,0,0,19844.3392672864,0,5326.67802193166,0,0,0,40315.7784713237,0,0,0,0,0,0,0,4616.72647567644,0,0,4700.89310241666,0,0,15617.1596052636,0,0,18302.092563841,0,0,0,13727.5954069051,10021.0847400763,7811.53419154325,0,0,4543.85536005057,0,0,0
"Ala_1.1",0,21569.583021293,0,0,0,0,0,0,0,0,11538.2609358634,28958.22108533,0,0,0,31351.0207376423,0,9375.65306828752,0,0,0,58970.5483519529,0,0,0,0,0,0,0,0,0,0,8017.4219561093,0,0,23542.8220617019,0,0,32600.0532917188,0,0,0,21451.9829186522,17186.5860523668,11088.9933259274,0,0,7639.19659760614,0,0,0
"Ala_2.1",0,0,0,0,0,0,0,0,0,0,0,0,0,0,0,0,0,0,0,0,0,0,0,0,0,0,0,0,0,0,0,0,0,0,0,0,0,0,0,0,0,0,0,0,0,0,0,0,0,0,0
"Ala_2.2",0,0,0,0,0,0,0,0,0,0,0,0,0,0,0,0,0,0,0,0,0,0,0,0,0,0,0,0,0,0,0,0,0,0,0,0,0,0,0,0,0,0,0,0,0,0,0,0,0,0,0
"Ala_3.2",0,7362.30142941258,0,0,0,0,0,0,0,0,6927.94228974606,14577.7558945811,0,0,0,13168.9673384466,0,7449.16237654534,0,0,0,0,0,0,0,0,0,0,0,3167.24995700817,0,0,5078.76634104742,0,0,15561.1254160616,0,0,13696.2057500062,0,0,0,11771.4660011173,7436.68964546955,6835.83853842752,0,0,3973.91727813649,0,0,4018.3688150177
"Orn_0.0",77283338.2831066,88072617.3272761,88518891.570082,90413672.0621375,66431512.0624368,67160810.3909193,96123966.7397102,78653583.1477891,96690933.5945139,12511656.2963055,91593916.0946283,45327589.7289328,96177950.0936594,84602849.9633079,72162713.876683,75956113.8476311,76699175.6564018,80134822.7444827,80542004.819777,73269499.687364,89765779.9359492,84697950.534305,13182911.9173428,70803785.1760874,93087970.0124293,54376109.8879601,101279823.818885,20408995.9684961,32516601.429174,27167400.9142491,72344730.9452377,75877123.9232856,64922147.8277922,85110693.1944259,86205587.3453666,78892763.1998319,88452043.6256478,84606202.3198976,87283891.9368324,74055494.3614099,84622808.3816761,80033499.9368864,77758816.5960357,70084893.630567,73969526.8989018,73909500.8798838,71968320.6056554,84497992.3032162,16778081.8807465,74444193.5197774,31276897.6956069
"Orn_1.1",14144303.416986,17363655.8570679,17288899.4381266,17367465.1076973,11689645.9444845,11784786.0805793,19812332.2912677,14357836.1286713,19183561.9357411,1967733.18183685,17734928.5824676,7738638.5191809,18850066.1298044,15458542.9503932,13113323.8886095,13497630.5580757,14083024.0440856,15101298.8354068,14953098.7014667,13510520.2679434,17158234.1207467,16126025.6944774,1911110.83407984,12750162.7922124,18701648.0198806,9207167.63293782,20139962.5460649,3022650.42723524,4891905.46982408,4410871.43225607,13022789.3507465,14053263.6211266,11099468.2421365,15628503.9644663,17072897.554932,14610227.7883144,16909235.9475611,16073423.7968294,17022569.7341927,13247173.5886095,16178785.0399705,14717054.9756161,14253667.0383476,12867159.8173011,13796030.4644603,13232727.4178023,12775477.2679714,15698252.1317079,2509275.92072826,13280014.810314,5161700.29952733
"Orn_2.2",2085711.4577546,2925058.52119659,2661110.62921792,2584543.52535803,1723981.49217059,1775867.05041108,2931065.41266864,2136086.51212798,2784541.91993333,269326.975147962,2799976.773372,1554377.95734414,2811948.13822777,2250591.94754415,1882358.97217845,2194681.32509398,2042216.67192733,2400073.42128717,2132649.67838879,1926501.74654934,2443591.50451025,2346520.03050711,279223.005276759,1913486.25455017,2701946.57302145,1315449.38099978,2967012.55056829,421379.505191115,673892.820134405,774081.225158503,1917909.63050419,2089419.30703271,1705321.12047226,2373894.31208067,2399283.75785411,2411932.85923813,2543716.51479738,2359614.49764446,2801084.85844624,2005143.2195886,2376779.29226935,2186940.89173225,2339734.42924895,1963142.85341782,2100346.27988686,1969407.58644689,1916161.07828514,2514690.60766022,364225.559532874,1996710.61722295,935006.848214829
"Orn_3.3",187189.630330858,1806566.89539937,237260.692219397,239162.65301099,142656.570458267,160108.182952208,255331.334960874,188568.721825286,251680.316354795,25551.402339337,797023.735348149,1913445.01953502,257931.241352581,242824.7638074,166827.253012085,844062.62638,190847.607396075,657630.3199558,185680.287396792,226696.63008441,225592.173991045,211999.819135801,25091.5453372319,166425.34215679,261179.923460279,124357.824249579,265574.541536246,38746.1648085175,66290.565782141,657153.603280781,206115.549206083,191714.239482228,440011.648384067,204350.089647637,221314.008050531,1391127.46559464,224168.713507098,220067.091525328,1655748.56850715,175849.545594007,268454.601635572,201420.284416338,1219738.31608203,788385.821506788,554158.244053273,214939.762784066,171286.108687652,861199.329316438,104626.457875618,175740.155411242,820430.67316225
"Orn_4.4",0,447636.120564328,0,0,0,0,0,0,0,0,187252.14774368,549242.495432437,0,38653.5783716,0,219653.297536143,0,172256.099465466,0,35328.8530595667,0,0,0,0,0,0,0,0,0,200852.044798453,31410.7282562896,0,104583.133049168,0,0,371928.326728168,0,0,456155.211057279,0,50012.2838367293,0,324254.969584176,194989.145100352,122831.630176801,37990.9187463418,0,215189.87762368,36817.5765401746,0,244023.459491395
"Orn_5.5",0,6027005.89750015,0,81824.0950215312,0,16520.7152997987,0,61581.6613441898,0,56592.4572366664,2509427.03733707,6672140.48812288,0,497530.399868453,41786.9813363834,2541272.11203338,0,1923396.52504325,0,425872.416325981,0,0,0,0,0,0,0,0,0,2587760.42995463,292703.177912986,56846.6358811344,1288224.10241656,0,0,4723434.22589691,79648.0492926958,0,5924204.81160909,16949.8511034931,639218.031794553,0,3744607.70709156,2188494.61008248,1463596.92136832,372681.928265066,0,2923673.92596241,656812.639923624,0,3109040.74366016
"Glu_0.0",9250125.29626373,8083476.65469622,8928848.51055799,8873950.37294201,6666749.59677547,8986665.76248205,9086999.08612756,7712761.32715007,8990783.2156012,9548542.25044034,7830777.81840232,7540110.3944688,9870159.95072102,7989255.94985095,6885802.44270768,7451766.6502907,8909821.40579361,9681520.69664056,6747444.49367529,9892220.86197907,7558308.10912713,4408248.31935978,10050124.7081982,7841332.9851005,9834437.22960568,10475522.4879244,10196799.1948807,11285147.7331544,8146843.66376339,5997877.99416811,8298534.03269371,9297203.8328066,6866833.20832613,8462621.47518796,7768505.90993413,5669200.79680292,8706882.16849723,3274949.20607302,7069722.27103611,9221245.94689162,8584371.79018369,6617349.90436408,8467936.81734082,5967045.71459168,8602321.28005903,8565830.22689676,7328687.54385909,7272729.65810258,8489457.0174927,9930912.51870899,7353004.26442243
"Glu_1.1",1128546.70481699,1205279.70681566,1165171.32933302,1152891.11358339,856611.0469554,1190583.10339406,1163704.54225568,997745.013819937,1142075.37408251,1250110.61076793,1101397.13766825,1127095.38076463,1313785.02066259,1089905.6246024,912160.596964768,1089716.16706957,1143213.40697437,1312251.48766089,857547.715246777,1255596.58193718,1000382.86186397,764555.850347259,1278305.76731794,1038812.00304211,1265419.7288768,1419326.89505263,1335757.7235753,1504801.98332712,1064270.07306957,821149.315300095,1073818.66406906,1256113.92441976,949812.289591831,1170327.3827808,1038235.43367783,848926.091160002,1106837.07480187,421009.96498644,971938.961170651,1239778.10542595,1111659.42058156,852565.805171231,1247990.92860015,893519.590083249,1206742.82277931,1161787.07457969,980559.574238647,984045.223546032,1071627.34207948,1294179.88344212,1022780.90480522
"Glu_1.0",424640.617201838,426595.929296329,449883.51955617,420045.066464277,307499.32016809,429535.533943762,413754.880061778,361375.672371587,415433.538279565,461762.657679824,386910.435651718,382617.474999006,470549.57625072,393486.11256946,333144.9906168,366512.944664245,432173.067155696,478169.733707763,321035.072479745,449390.640775032,361298.031544274,205068.04443103,474265.52426134,376376.902726662,465286.742647495,522950.014049262,481370.028479513,552519.505440005,392590.293580554,302562.815433019,398352.688619678,453522.372589457,330697.26521574,433110.268949075,362908.027803632,286518.893167457,405601.020042038,153655.816983708,351456.265408843,441151.578679114,408893.008944452,310262.961848716,437834.661036113,303442.80691529,424748.43683456,407301.750816659,342608.541656232,339690.475969893,392501.065753023,467008.921762254,349880.52250086
"Glu_2.2",151516.961360162,191938.815039613,157081.016763486,145974.226243829,102367.400835871,153673.299430518,152126.983697185,125341.126611199,144847.619331081,156575.580505692,146868.150045266,174983.888515253,161932.33358821,145064.971695172,115252.603288636,168020.614422745,148891.693700904,179315.966549225,106195.306614832,155540.065863484,126635.794563061,94871.5031004191,171276.020080196,136341.935657531,160944.278488183,177290.462563702,163282.631530152,198804.46122853,134937.669256711,112814.049487599,141573.634136276,156282.130471869,127087.566045276,145189.590092688,128293.601378617,124353.859927504,143790.670073294,58466.988708793,163725.83605944,159538.121580438,140064.851782436,105473.725065296,191227.511163133,132793.54229201,173759.989601932,150914.176754251,122031.263916533,139090.359869551,145788.670449331,171990.660128656,143432.008710099
"Glu_2.1",51633.7006310699,154229.817869856,56564.1402885499,50398.4184078193,36532.807115853,52863.48625419,52751.5749644729,46628.9256781934,55128.4465937273,56846.4789555172,76763.799357173,144915.602063203,58606.0143836323,50622.5803809528,42672.9498500673,126409.788944412,53706.1823246973,97775.633750698,37995.5592990277,59365.1400121269,47324.2280022865,37745.7157066122,61230.8022649392,50337.1965345972,60554.9627441656,63056.6329454851,60402.5592353012,70252.7871022736,48813.6746632642,65835.1342490598,52699.0734205412,57695.2256543785,69017.1756723243,51687.7089635172,46867.1777809436,98158.0212954636,51006.976908053,19364.9393291021,127684.614925309,54759.5771538978,55237.6406781222,39491.8395142608,155583.032996868,113003.940557556,90487.1343449413,53983.0653446435,43024.0122649202,75561.7859230412,54013.9091441925,60487.3187114011,80583.5715109245
"Glu_3.3",13123.8499334469,36375.7581568556,12744.6001041794,13427.3998871422,8982.37447384218,14353.985939464,13891.9671066716,10923.700043417,13749.6168540392,14983.1417983265,21506.2081987762,32558.2036541736,14287.2378784412,15437.6751750907,11676.1289011157,29055.9891005144,13996.6751779995,26017.4828990264,10316.7584433231,18358.9999247685,10241.149913188,10847.8249464779,14299.8915726175,12440.9001418018,14381.4967528535,14421.1914625871,15627.5919603777,17451.0739516407,12574.0499023266,18585.7667173175,14622.166660162,13503.7169068699,17346.51393495,12858.9666666851,11521.5409343375,22191.8314795354,13259.0148298899,4096.71667970371,29812.6084548454,13772.9650240808,16461.7083130703,11076.1749291,37362.4081018447,24023.8278532767,25034.0497135086,15437.5334867001,11455.5667288895,19869.3132608046,14963.5501931667,14167.0832399921,22021.9536542184
"Glu_3.2",6789.47503617668,531197.504854713,8306.80001737118,10719.8730742726,5101.88332971286,8484.11744747585,6524.34988135527,8534.20845054056,8287.80007451059,9814.72785637878,165081.426011655,477487.556289197,7547.89172163772,33785.96660312,9293.34165509794,449343.177413585,6751.94167824554,221713.512945992,5611.02577107208,50412.6348978495,5803.33326387977,5765.34989293098,8875.85823783014,5818.65828392353,6671.15398165115,8935.68292803146,7467.85359396816,9096.79676155825,6380.11261559346,151933.157473525,46602.2881078666,10779.8336630475,160160.053607292,6800.5125739833,6041.88620519222,328203.608001659,12159.042903304,0,463927.927680293,9016.70838562627,31533.7636732255,4665.63332465076,520883.043186472,366834.347712482,214478.683731914,51022.1434997297,7586.33334781361,185212.538019881,42978.7229821915,8661.41611774024,187042.433736253
"Glu_4.3",0,405239.299251969,0,38628.9807428603,0,25021.557768083,0,31548.201097726,0,40809.4098413252,252486.688518712,445701.855530432,0,105461.530662577,33547.275269341,323724.831394998,0,282881.638700612,0,115347.1272162,0,0,0,0,0,0,0,0,0,235215.463389291,110772.47455916,38720.2954129942,204433.134277938,0,0,270662.488937663,39134.0519610428,0,360277.277224313,29351.5930395676,128017.691619135,0,395308.566038291,280151.6211512,286028.280075143,113209.771867536,0,254186.935648876,131421.479604876,0,277522.778606433
"Glu_4.4",0,82427.2367358482,0,10392.8000028734,0,6421.23542554032,0,6220.48326531793,0,10706.0626816838,53951.6815511993,86817.2161226386,0,21604.1845714701,8332.72167242631,63363.7588968576,0,58527.6447248003,0,25016.5671763004,0,0,0,0,0,0,0,0,0,45924.6651636544,25444.5150317202,8910.88622647369,39019.9841879197,0,0,53113.9086007254,8932.98350047112,0,73336.2998431273,7572.67421855502,27857.043339376,0,80395.3969155969,56761.8273570648,59749.2753277203,23560.0269488439,0,52282.3862605846,27542.2232242627,0,56563.9093493985
"Glu_5.4",44947.2668229103,9863700.81180005,80299.8096227749,1130901.6463469,36543.9433306527,743127.664432966,37074.0569766117,885414.592869829,48436.3003009834,1146453.62330315,6823281.2114792,10816449.5627314,87609.4911333441,3000793.43003699,1044954.83100897,7911187.61587292,27879.383003418,7160394.23882603,20140.408229187,3230671.2986464,23858.1083218041,0,36926.0959756279,27172.3486854433,31291.9593442868,106022.557251537,82216.3774584527,51536.4223104559,46321.2774262325,6080016.33415398,3180645.03079849,1057160.06412979,5087969.83587872,79350.8816554037,30985.5668704716,6685164.31842199,1148684.30890955,0,8311672.62665076,809552.956654847,3757492.05055725,18358.8418171463,9342821.40473121,7221362.95269007,7568183.99615304,3090507.19040919,45176.9331423417,6524194.23563895,3493739.03780193,36708.5872956935,7290372.92122906
"Pro_0.0",2792275.65261009,2165786.45237731,2896622.95577081,3366001.98356245,2301635.22205803,3249515.18598076,3831262.72029989,3105878.0199202,3373322.8428886,3259815.47291381,3448785.79104605,2371445.77540229,3154406.1605084,2404550.14391349,2188063.40229616,1913215.16880207,2344731.8176911,2723250.63383338,1820875.09228692,2494458.33099243,3752119.39745951,433135.849821509,3006718.17828043,2862613.0528563,2772674.7785688,3687082.3000286,3794336.65688625,3239796.67178203,2431732.57483436,1676532.99715521,2540661.80344793,2691888.94597338,2038242.25837757,4263909.60168103,3690463.78121692,2305030.88226994,2708073.88246937,2649889.12990684,2647640.56511072,2782213.21758415,2457059.24245593,3276738.33170232,1995395.70028248,1496392.76987499,2887721.20051022,2445299.34975773,2502194.81005515,2437942.62803726,2863819.30325677,3126195.78220031,1937158.37387355
"Pro_1.1",283739.172754517,254755.133855962,307723.649786327,337599.418341876,243047.921996447,333507.220775208,402096.319326709,305705.040847431,358875.599824755,307554.098035916,356532.391411727,281023.037890813,316581.347863483,244495.129570718,215791.943768273,210221.79776324,242657.702079373,281721.253115985,182449.951033545,258864.527473266,380786.838929091,44142.2942797361,305730.08175144,293875.453024843,283584.426793043,355434.238543557,388880.031949969,327000.215556236,245567.704650633,176823.932875201,266534.301014465,265134.363006293,214137.876896001,431340.068372132,372200.585382926,255683.186409015,282997.957422677,264790.516115913,302619.877172946,275450.86565735,254143.794719582,326260.894646074,219392.60114294,160586.430280127,292374.481919498,243284.046794582,250574.655969841,266153.4305927,288775.420998271,316271.572641585,206696.124290504
"Pro_2.2",30876.7949225988,51789.5117731706,35161.5166493378,40268.326729119,27845.2805106353,39913.9652923105,46837.3212524957,32857.8638637303,39345.1044187671,34987.1271116956,53541.9475501112,60796.8293360399,35112.569671369,28255.103887512,25460.1024365591,37659.8761189294,28255.6392537897,42576.9415509949,22522.7912306388,29644.5585830117,52554.5083839607,0,36152.0526835207,35536.8278620284,33156.300865713,43205.7655349795,45421.2657261885,36787.4900048067,29722.2752035477,27975.9584925155,29707.0472806855,30807.3165719783,28571.4228183432,45715.1086598503,42520.699988388,56934.4668431987,34515.8582928429,30028.1693251316,63761.5493170357,33548.9596416369,25712.7207694298,39891.0217322721,39559.3534149651,31065.1169444733,34896.2336104673,29289.205011668,30279.1421306579,38619.8060576454,36299.7080989152,41063.199907379,31669.7840815484
"Pro_3.3",0,110778.278221168,0,0,0,0,0,0,0,0,50166.742285235,122602.374793047,0,0,0,55117.6775085483,0,29753.8823227139,0,0,0,0,0,0,0,0,0,0,0,31048.4665436782,0,0,18184.1079219591,0,0,103787.541899808,0,0,137273.356598186,0,0,0,76354.0416970711,38493.162598606,26740.1560826129,0,0,45816.9084729789,0,0,36881.1737658879
"Pro_4.4",0,0,0,0,0,0,0,0,0,0,0,0,0,0,0,0,0,0,0,0,0,0,0,0,0,0,0,0,0,0,0,0,0,0,0,0,0,0,0,0,0,0,0,0,0,0,0,0,0,0,0
"Pro_5.5",0,366105.136644427,0,0,0,0,0,0,0,0,191687.64559076,431983.277811177,0,21041.6879557067,0,175455.413298903,0,101548.799459427,0,16694.9319126825,0,0,0,0,0,0,0,0,0,112247.852628043,13924.0285285174,0,57718.933243382,0,0,343357.098005026,0,0,451207.814129199,0,22409.5613933859,0,219006.067716069,123748.675921231,82025.8379078177,11295.1523331602,0,158877.399872644,25152.8555166887,0,118527.833510413
"Asp_0.0",24691385.991649,28074791.744946,26426292.3532398,24487731.6760312,17693546.4600706,23882914.5030884,27006254.5852752,20367762.3237502,25435221.4292405,21644202.2751499,25990476.1401966,22141815.311287,27515184.6958898,23675336.1937937,20101742.7789985,21542211.4465487,24315524.9572956,26774873.2461849,18943341.0330137,24024476.5222891,24192646.3152357,235634.840377103,22542180.8498091,22721519.5921941,26553749.4184342,24879448.7369022,27324217.3352806,25300873.6725235,20493201.3584672,15730846.353879,21460865.6382401,24402819.0583122,19564122.6272027,24334218.3917357,23950862.3871183,21816517.8383057,24787456.554772,9185164.28161482,26173804.2264193,22115076.9740406,25339380.7053726,21563672.5775536,25735736.0326494,17668859.5990615,24353377.747401,21211371.2769714,19037565.1809055,24152148.2113674,21409367.9743802,23960913.8382739,18413307.3434053
"Asp_1.0",1135663.35665818,1317084.8262271,1177780.71702541,1182468.02097093,829634.000125496,1131028.36593311,1259829.38303732,951492.648967761,1191002.36886533,1036581.9684661,1282864.31661659,1059699.31954513,1255899.83406659,1156397.76094925,921146.530018061,1035067.27082333,1126924.67634477,1262587.39815442,879831.737155726,1186909.23642677,1141308.80956914,11224.3449144239,1026457.42066341,1074478.20573001,1316985.54637038,1208125.10469992,1361937.97198997,1192053.03349572,971779.382288645,699529.508200811,1038734.90594522,1201047.01333096,916852.014171186,1118497.00058145,1138307.12371316,1030660.41836955,1189689.38932979,419070.700725708,1184610.66156558,1067599.01801617,1151503.98296197,1038829.97166087,1247068.32509041,861678.820338592,1173744.68809163,1051161.37165433,978420.841948122,1169564.05969719,966695.028448322,1150803.73928485,847761.938842005
"Asp_1.1",2910234.61631374,3456577.79854254,3096699.8469732,2885482.66454793,2115624.99581517,2903496.55657615,3354602.41489276,2508916.47993481,3078007.58635794,2559847.84492569,3344939.43312556,2718224.37800478,3351033.61218736,2893431.55019617,2468389.92564248,2629306.7338075,2857692.73086001,3341774.63027979,2206745.07729296,2970093.58814112,2813640.87555077,27907.3343161717,2752328.70166431,2745838.26031325,3288860.31455923,3048092.01822645,3437645.47310564,3013450.98846371,2509957.97902862,1824784.19396935,2593433.7039357,3104522.17800175,2379669.42304716,2875246.57769179,2819142.77541319,2635987.2717474,3114432.50143408,1015580.34833712,3201538.93397831,2816874.5093206,2944490.81211713,2556878.43073229,3214026.53806422,2125351.17317278,3073925.89667795,2653534.37447493,2294605.19670691,2983484.33578093,2480121.03479463,3000062.49334646,2233692.93353815
"Asp_2.1",137999.720244771,271684.613101129,144557.690664513,135301.865622709,98803.6580419785,133261.878074506,143248.27681673,114482.789868475,139589.405650643,120063.78980243,202176.664001592,240411.851359119,153801.386144588,141853.980604481,112104.198446658,206047.500438179,138824.37624926,239686.196091577,103385.450288275,160893.061495729,133924.016714661,0,126108.382606805,135266.463550991,152854.469987858,135074.24916479,153841.682067956,142409.88838399,113497.554652112,136861.208542885,131397.24699241,135324.83574031,155541.399417525,133833.867178111,131677.443607461,213158.252631088,134964.854198548,49016.7108221554,246709.240997994,126654.074042148,146880.192945865,127137.653788249,277968.328107386,176493.172463695,195052.077980668,135670.293604286,104596.868982525,192058.619990298,128212.484817919,133660.163804164,163125.516306684
"Asp_2.2",371478.211938961,557875.416947589,403301.143176252,380461.133898863,274745.912932775,352999.481493651,427138.485346291,322764.452162827,391841.049306365,335959.401197915,466097.586905905,459480.120861041,412767.14214573,384698.453687312,303928.900215541,419128.948979718,366384.380090763,488975.60005937,281601.049990477,393471.15080814,370464.582157487,0,342986.400228473,365293.572525014,413828.476774507,376889.622829685,442107.741246721,378334.259814387,312607.397249947,289848.168853139,339691.99874546,385153.940178474,353599.036273076,374458.451825058,368503.915334132,442083.400253688,391315.528126154,130480.779985368,513041.237182028,366070.299036118,388488.177789559,313839.333840871,518363.095315145,353416.383654028,449069.935270539,361003.872800954,299109.982049204,447574.341583306,327660.482652242,393680.457001078,346917.803524846
"Asp_3.2",17634.9987195624,93036.1715618978,16463.4115319893,18048.8253332822,12002.6850004843,17637.2917274389,20081.1207494322,13779.2545076062,18444.4511276322,17480.3384296957,60053.3704220004,92787.3615052583,19716.115845685,27635.9230124251,14432.1063057628,73785.3235536421,17686.5389223825,69088.1785483814,14220.0020785809,33521.0116868919,17625.8865894613,0,16404.6251685801,15193.3476213817,19610.652295697,17898.7608876505,20272.3869643588,17666.1696136662,14647.4047013811,46010.1714783456,26711.4480574418,17395.1838373185,43256.0828629275,16298.4443475146,17684.9529647444,76761.6503338235,17941.4729908662,5765.4333260975,81103.8674645744,18043.9390534602,23336.6261660545,16519.1583412991,93056.471858774,64660.5265904821,61701.5465376436,28169.3878223076,14099.4311608628,48474.1163604521,28843.0979439819,18979.7241193027,56463.0376416131
"Asp_3.3",31530.6381297517,88207.2077379629,32549.4532560964,32567.6319270453,23318.052461796,30455.9470093022,33618.0802629675,25991.592795186,33744.0665191557,28310.949426676,64404.4708489029,79206.2957061289,35629.5662391069,35140.5243643136,27971.5093564032,67173.7140679992,29902.6202013258,67710.5153043583,20532.4594334367,42523.8144960842,30715.163586976,0,30244.225731458,28376.4397170216,35912.7638293404,31847.4305538216,37252.3445965784,32981.6088741411,25303.7158878111,42640.834671094,34954.741603581,33873.9327717331,49491.8408175159,33127.3623768688,31415.7993786809,65507.9443545171,36873.5974402063,12806.2805826291,79775.107462221,27063.6476353414,35563.6534707837,32108.9250796032,82886.7502200411,57906.880051662,60407.8679755436,36678.5340140249,25021.438265928,54894.1706732354,33153.0504563027,30088.9351328678,50342.6151688323
"Asp_4.3",0,817753.769851228,0,34821.0663453828,0,12546.9373902045,0,28412.4232006929,0,24252.2803172369,564056.486918439,943692.504073194,10249.2803206468,177776.392339115,12159.5849718457,704785.517402793,0,618121.340887086,0,244487.928539077,0,0,0,0,0,0,10564.6508230482,0,0,432415.324017799,202547.745216066,34446.8914998841,406089.958445863,9672.24164061928,10308.1646112893,755713.129402944,30378.5170051267,0,750672.759233203,12062.2583593884,124418.313935984,0,941074.324481044,588812.525843836,548297.568154684,214855.544445583,0,459524.840030448,207225.590378575,0,532952.755205914
